tag,name
TW,克拉布
TW,薩羅蒙·霍洛維茲
TW,薩拉·史
TW,伊薩克·胡德斯
TW,薩羅蒙·海耶什
TW,薩羅蒙·海耶什
TW,夏因·豪普曼
TW,懷斯曼
TW,馬克思·懷斯曼
TW,路德
TW,路德
TW,約瑟夫·克雷恩
TW,克雷恩
TW,伊格
TW,大衛道維奇
TW,寶拉·比福爾
TW,拉什拉·納德爾
TW,格特露達·斯坦納
TW,希爾達·斯坦納
TW,塔勒
TW,塔勒
TW,塔勒
TW,塔勒
TW,塔勒
TW,拉圖
TW,羅曼尼康帝
TW,奧斯卡·
TW,克拉布
TW,摩西
TW,伊扎克·斯特恩
TW,伊扎克·斯特恩
TW,伊扎克·斯特恩
TW,伊扎克·斯特恩
TW,馬克
TW,維斯多爾
TW,克拉布
TW,米拉·
TW,福倫
TW,德拉根
TW,戈德伯格
TW,迪克
TW,迪克
TW,戈德伯格
TW,斯特恩
TW,馬克
TW,馬克
TW,利維夫
TW,羅茲諾
TW,迪克
TW,迪克
TW,格羅茲
TW,德國伊瑪依
TW,軒尼詩
TW,德國伊瑪依
TW,雪鐵龍
TW,德國伊瑪依
TW,奧斯卡·
TW,馬德里奇
TW,克羅諾絲卡
TW,奧斯卡別
TW,梅里克
TW,奧斯卡
TW,奧斯卡·
TW,艾米麗
TW,奧斯卡
TW,羅溫斯坦
TW,格雷塔
TW,嘉寶裏
TW,格雷塔
TW,奧斯卡
TW,奧斯卡
TW,奧斯卡·
TW,奧斯卡·
TW,洛夫
TW,奧斯卡·
TW,奧斯卡
TW,斯特恩
TW,迪克斯特恩
TW,斯特恩
TW,克勞斯·
TW,伊扎克·斯特恩
TW,斯特恩
TW,斯特恩
TW,斯特恩
TW,伊扎克·斯特恩
TW,斯特恩
TW,伊扎克·斯特恩
TW,斯特恩
TW,斯特恩
TW,伊扎克·斯特恩
TW,斯特恩
TW,斯特恩
TW,克拉布
TW,阿蒙·歌德
TW,普拉紹夫
TW,海倫·希什
TW,海倫·希什
TW,海倫·希什
TW,米蘭
TW,卡爾·馬克思
TW,卡西米爾
TW,克拉布
TW,克拉布
TW,夏因·格德
TW,夏因·格德
TW,夏因·格德
TW,米拉
TW,威廉
TW,羅絲
TW,米拉
TW,亞當
TW,巴赫
TW,莫扎特
TW,莫扎特
TW,範尼·凱勒
TW,赫曼·阿達波特
TW,寶拉·戈德斯坦
TW,馬庫斯·沃姆博格
TW,馬克思·埃德爾斯坦
TW,阿蒙
TW,阿蒙
TW,普拉紹夫
TW,阿蒙·歌德
TW,朱利安
TW,奧斯卡·
TW,里奧·約翰
TW,弗朗茲
TW,奧斯卡
TW,朱麗斯
TW,奧斯卡·
TW,波士
TW,馬德里奇
TW,普拉紹夫
TW,斯特恩
TW,戈德伯格
TW,斯特恩
TW,普拉紹夫
TW,穆克
TW,希克別
TW,埃爾莎·克勞斯
TW,潘諾
TW,里賈納·帕爾曼
TW,埃爾莎·克勞斯
TW,克拉布
TW,普拉紹夫
TW,雅克布·帕爾曼
TW,普拉紹夫
TW,歌德
TW,巴耶斯基
TW,歌德
TW,巴耶斯基
TW,帕爾曼
TW,帕爾曼
TW,雅克布
TW,帕爾曼
TW,戈德伯格
TW,希克
TW,希克
TW,海倫
TW,希克
TW,海倫
TW,希克
TW,海倫
TW,阿蒙謝
TW,阿蒙
TW,阿蒙
TW,斯特恩
TW,希克
TW,海倫
TW,海倫
TW,大衛
TW,米拉
TW,米拉
TW,阿蒙
TW,奧萊克
TW,奧萊克
TW,奧萊克
TW,奧萊克
TW,奧萊克
TW,奧萊克
TW,奧萊克
TW,奧萊克
TW,奧斯卡
TW,阿蒙
TW,奧斯卡
TW,奧斯卡
TW,瑪利亞
TW,希特勒
TW,阿蒙
TW,馬克奧斯卡
TW,歌德
TW,普拉紹夫
TW,克拉布
TW,奧斯卡
TW,歌德
TW,歌德
TW,克拉布
TW,摩西
TW,阿蒙
TW,坦克
TW,波德克·普費佛伯格米拉·普費佛伯格
TW,格斯戴格
TW,保羅保羅·斯戴格
TW,費舍爾費舍爾·伊斯梅爾
TW,費舍爾·伊斯梅爾
TW,約瑟夫·斯卡夫
TW,斯特恩斯
TW,斯卡夫
TW,赫伯特·斯蒂爾
TW,費根鮑姆雅克布沃爾夫·維恩
TW,費根鮑姆魯特克雅克布
TW,沃爾夫
TW,朱麗斯
TW,奧斯卡
TW,奧斯卡加
TW,斯特恩
TW,歌德
TW,奧斯卡
TW,布林裏茨
TW,馬克
TW,馬克
TW,海倫
TW,阿蒙
TW,馬克
TW,德萊斯勒
TW,娜塔
TW,羅斯勒
TW,亨利曼希
TW,里奧
TW,奧萊克
TW,瑪利亞·米歇爾
TW,夏因·諾阿克
TW,馬庫斯
TW,米克·
TW,伊扎克·斯特恩
TW,約瑟夫·鮑
TW,羅莎莉亞·努斯鮑姆威爾赫姆·努斯鮑姆
TW,雅克布·萊維託
TW,羅莎·法勃爾安德雷利·法勃爾
TW,莎拉
TW,弗萊克
TW,費希爾
TW,泰克·帕姆珀爾
TW,米拉·普費佛伯格
TW,霍洛維茨·多裏克
TW,亞當·萊維
TW,馬塞爾·戈德伯格
TW,克里普斯特恩·伊扎克·大衛
TW,艾爾特曼·埃德沃德
TW,格蘭伯格·米蘭姆
TW,魯夫
TW,埃利亞希
TW,希爾曼·埃德沃德
TW,艾拉·羅斯伯格
TW,蘇克曼·約提
TW,海倫·希什
TW,奧萊克
TW,奧萊克
TW,布林裏茨·茨維特
TW,奧斯卡·
TW,德茲恩
TW,普拉紹夫
TW,布林裏茨
TW,克萊拉
TW,奧斯卡·
TW,奧斯卡·
TW,克拉布
TW,艾爾斯提娜·
TW,希爾達·華德格倫
TW,列奧諾拉·華德格倫
TW,安娜·拉斯特
TW,米拉·普費佛伯格
TW,西多
TW,努斯鮑姆
TW,羅斯勒
TW,海倫·希什
TW,薩拉·格羅茲
TW,艾斯蒂拉·西倫弗裏德
TW,伊扎克
TW,伊扎克·斯特恩
TW,伊扎克
TW,艾米麗
TW,斯特恩
TW,奧斯卡
TW,坦克
TW,斯特恩
TW,阿門
TW,布林裏茨
TW,馬克
TW,約德爾
TW,艾森豪威爾
TW,斯特恩
TW,阿門
TW,阿門
TW,以色列阿門
TW,阿門
TW,勒斯
TW,勒斯
TW,勒斯
TW,勒斯
TW,奧斯卡
TW,歌德
TW,斯特恩
TW,希特勒
TW,阿蒙·歌德
TW,特爾茨
TW,克拉布
TW,奧斯卡·
CN,薩羅蒙·霍洛維茲
CN,薩拉·史
CN,伊薩克·胡德斯
CN,薩羅蒙·海耶什
CN,薩羅蒙·海耶什
CN,夏因·豪普曼
CN,懷斯曼
CN,馬克思·懷斯曼
CN,路德
CN,路德
CN,約瑟夫·克雷恩
CN,克雷恩
CN,伊格
CN,大衛道維奇
CN,寶拉·比福爾
CN,拉什拉·納德爾
CN,格特露達·斯坦納
CN,希爾達·斯坦納
CN,塔勒
CN,塔勒
CN,塔勒
CN,塔勒
CN,塔勒
CN,拉圖
CN,羅曼尼康帝
CN,奧斯卡·
CN,摩西
CN,伊扎克·斯特恩
CN,伊扎克·斯特恩
CN,伊扎克·斯特恩
CN,伊扎克·斯特恩
CN,馬克
CN,維斯多爾
CN,米拉·
CN,福倫
CN,德拉根
CN,戈德伯格
CN,迪克
CN,迪克
CN,戈德伯格
CN,斯特恩
CN,馬克
CN,馬克
CN,利維夫
CN,羅茲諾
CN,迪克
CN,迪克
CN,格羅茲
CN,德國伊瑪依
CN,軒尼詩
CN,德國伊瑪依
CN,雪鐵龍
CN,德國伊瑪依
CN,奧斯卡·
CN,馬德里奇
CN,克羅諾絲卡
CN,奧斯卡別
CN,梅里克
CN,奧斯卡
CN,奧斯卡·
CN,艾米麗
CN,奧斯卡
CN,羅溫斯坦
CN,格雷塔
CN,嘉寶裏
CN,格雷塔
CN,奧斯卡
CN,奧斯卡
CN,奧斯卡·
CN,奧斯卡·
CN,洛夫
CN,奧斯卡·
CN,奧斯卡
CN,斯特恩
CN,迪克斯特恩
CN,斯特恩
CN,克勞斯·
CN,伊扎克·斯特恩
CN,斯特恩
CN,斯特恩
CN,斯特恩
CN,伊扎克·斯特恩
CN,斯特恩
CN,伊扎克·斯特恩
CN,斯特恩
CN,斯特恩
CN,伊扎克·斯特恩
CN,斯特恩
CN,斯特恩
CN,阿蒙·歌德
CN,普拉紹夫
CN,海倫·希什
CN,海倫·希什
CN,海倫·希什
CN,米蘭
CN,卡爾·馬克思
CN,卡西米爾
CN,夏因·格德
CN,夏因·格德
CN,夏因·格德
CN,米拉
CN,威廉
CN,羅絲
CN,米拉
CN,亞當
CN,巴赫
CN,莫扎特
CN,莫扎特
CN,範尼·凱勒
CN,赫曼·阿達波特
CN,寶拉·戈德斯坦
CN,馬庫斯·沃姆博格
CN,馬克思·埃德爾斯坦
CN,阿蒙
CN,阿蒙
CN,普拉紹夫
CN,阿蒙·歌德
CN,朱利安
CN,奧斯卡·
CN,里奧·約翰
CN,弗朗茲
CN,奧斯卡
CN,朱麗斯
CN,奧斯卡·
CN,波士
CN,馬德里奇
CN,普拉紹夫
CN,斯特恩
CN,戈德伯格
CN,斯特恩
CN,普拉紹夫
CN,穆克
CN,希克別
CN,埃爾莎·克勞斯
CN,潘諾
CN,里賈納·帕爾曼
CN,埃爾莎·克勞斯
CN,普拉紹夫
CN,雅克布·帕爾曼
CN,普拉紹夫
CN,歌德
CN,巴耶斯基
CN,歌德
CN,巴耶斯基
CN,帕爾曼
CN,帕爾曼
CN,雅克布
CN,帕爾曼
CN,戈德伯格
CN,希克
CN,希克
CN,海倫
CN,希克
CN,海倫
CN,希克
CN,海倫
CN,阿蒙謝
CN,阿蒙
CN,阿蒙
CN,斯特恩
CN,希克
CN,海倫
CN,海倫
CN,大衛
CN,米拉
CN,米拉
CN,阿蒙
CN,奧萊克
CN,奧萊克
CN,奧萊克
CN,奧萊克
CN,奧萊克
CN,奧萊克
CN,奧萊克
CN,奧萊克
CN,奧斯卡
CN,阿蒙
CN,奧斯卡
CN,奧斯卡
CN,瑪利亞
CN,希特勒
CN,阿蒙
CN,馬克奧斯卡
CN,歌德
CN,普拉紹夫
CN,奧斯卡
CN,歌德
CN,歌德
CN,摩西
CN,阿蒙
CN,坦克
CN,波德克·普費佛伯格米拉·普費佛伯格
CN,格斯戴格
CN,保羅保羅·斯戴格
CN,費舍爾費舍爾·伊斯梅爾
CN,費舍爾·伊斯梅爾
CN,約瑟夫·斯卡夫
CN,斯特恩斯
CN,斯卡夫
CN,赫伯特·斯蒂爾
CN,費根鮑姆雅克布沃爾夫·維恩
CN,費根鮑姆魯特克雅克布
CN,沃爾夫
CN,朱麗斯
CN,奧斯卡
CN,奧斯卡加
CN,斯特恩
CN,歌德
CN,奧斯卡
CN,布林裏茨
CN,馬克
CN,馬克
CN,海倫
CN,阿蒙
CN,馬克
CN,德萊斯勒
CN,娜塔
CN,羅斯勒
CN,亨利曼希
CN,里奧
CN,奧萊克
CN,瑪利亞·米歇爾
CN,夏因·諾阿克
CN,馬庫斯
CN,米克·
CN,伊扎克·斯特恩
CN,約瑟夫·鮑
CN,羅莎莉亞·努斯鮑姆威爾赫姆·努斯鮑姆
CN,雅克布·萊維託
CN,羅莎·法勃爾安德雷利·法勃爾
CN,莎拉
CN,弗萊克
CN,費希爾
CN,泰克·帕姆珀爾
CN,米拉·普費佛伯格
CN,霍洛維茨·多裏克
CN,亞當·萊維
CN,馬塞爾·戈德伯格
CN,克里普斯特恩·伊扎克·大衛
CN,艾爾特曼·埃德沃德
CN,格蘭伯格·米蘭姆
CN,魯夫
CN,埃利亞希
CN,希爾曼·埃德沃德
CN,艾拉·羅斯伯格
CN,蘇克曼·約提
CN,海倫·希什
CN,奧萊克
CN,奧萊克
CN,布林裏茨·茨維特
CN,奧斯卡·
CN,德茲恩
CN,普拉紹夫
CN,布林裏茨
CN,克萊拉
CN,奧斯卡·
CN,奧斯卡·
CN,艾爾斯提娜·
CN,希爾達·華德格倫
CN,列奧諾拉·華德格倫
CN,安娜·拉斯特
CN,米拉·普費佛伯格
CN,西多
CN,努斯鮑姆
CN,羅斯勒
CN,海倫·希什
CN,薩拉·格羅茲
CN,艾斯蒂拉·西倫弗裏德
CN,伊扎克
CN,伊扎克·斯特恩
CN,伊扎克
CN,艾米麗
CN,斯特恩
CN,奧斯卡
CN,坦克
CN,斯特恩
CN,阿門
CN,布林裏茨
CN,馬克
CN,約德爾
CN,艾森豪威爾
CN,斯特恩
CN,阿門
CN,阿門
CN,以色列阿門
CN,阿門
CN,勒斯
CN,勒斯
CN,勒斯
CN,勒斯
CN,奧斯卡
CN,歌德
CN,斯特恩
CN,希特勒
CN,阿蒙·歌德
CN,特爾茨
CN,奧斯卡·
CN,薩羅蒙·霍洛維茲
CN,薩拉·史
CN,伊薩克·胡德斯
CN,薩羅蒙·海耶什
CN,薩羅蒙·海耶什
CN,夏因·豪普曼
CN,懷斯曼
CN,馬克思·懷斯曼
CN,路德
CN,路德
CN,約瑟夫·克雷恩
CN,克雷恩
CN,伊格
CN,大衛道維奇
CN,寶拉·比福爾
CN,拉什拉·納德爾
CN,格特露達·斯坦納
CN,希爾達·斯坦納
CN,塔勒
CN,塔勒
CN,塔勒
CN,塔勒
CN,塔勒
CN,拉圖
CN,羅曼尼康帝
CN,奧斯卡·
CN,摩西
CN,伊扎克·斯特恩
CN,伊扎克·斯特恩
CN,伊扎克·斯特恩
CN,伊扎克·斯特恩
CN,馬克
CN,維斯多爾
CN,米拉·
CN,福倫
CN,德拉根
CN,戈德伯格
CN,迪克
CN,迪克
CN,戈德伯格
CN,斯特恩
CN,馬克
CN,馬克
CN,利維夫
CN,羅茲諾
CN,迪克
CN,迪克
CN,格羅茲
CN,德國伊瑪依
CN,軒尼詩
CN,德國伊瑪依
CN,雪鐵龍
CN,德國伊瑪依
CN,奧斯卡·
CN,馬德里奇
CN,克羅諾絲卡
CN,奧斯卡別
CN,梅里克
CN,奧斯卡
CN,奧斯卡·
CN,艾米麗
CN,奧斯卡
CN,羅溫斯坦
CN,格雷塔
CN,嘉寶裏
CN,格雷塔
CN,奧斯卡
CN,奧斯卡
CN,奧斯卡·
CN,奧斯卡·
CN,洛夫
CN,奧斯卡·
CN,奧斯卡
CN,斯特恩
CN,迪克斯特恩
CN,斯特恩
CN,克勞斯·
CN,伊扎克·斯特恩
CN,斯特恩
CN,斯特恩
CN,斯特恩
CN,伊扎克·斯特恩
CN,斯特恩
CN,伊扎克·斯特恩
CN,斯特恩
CN,斯特恩
CN,伊扎克·斯特恩
CN,斯特恩
CN,斯特恩
CN,阿蒙·歌德
CN,普拉紹夫
CN,海倫·希什
CN,海倫·希什
CN,海倫·希什
CN,米蘭
CN,卡爾·馬克思
CN,卡西米爾
CN,夏因·格德
CN,夏因·格德
CN,夏因·格德
CN,米拉
CN,威廉
CN,羅絲
CN,米拉
CN,亞當
CN,巴赫
CN,莫扎特
CN,莫扎特
CN,範尼·凱勒
CN,赫曼·阿達波特
CN,寶拉·戈德斯坦
CN,馬庫斯·沃姆博格
CN,馬克思·埃德爾斯坦
CN,阿蒙
CN,阿蒙
CN,普拉紹夫
CN,阿蒙·歌德
CN,朱利安
CN,奧斯卡·
CN,里奧·約翰
CN,弗朗茲
CN,奧斯卡
CN,朱麗斯
CN,奧斯卡·
CN,波士
CN,馬德里奇
CN,普拉紹夫
CN,斯特恩
CN,戈德伯格
CN,斯特恩
CN,普拉紹夫
CN,穆克
CN,希克別
CN,埃爾莎·克勞斯
CN,潘諾
CN,里賈納·帕爾曼
CN,埃爾莎·克勞斯
CN,普拉紹夫
CN,雅克布·帕爾曼
CN,普拉紹夫
CN,歌德
CN,巴耶斯基
CN,歌德
CN,巴耶斯基
CN,帕爾曼
CN,帕爾曼
CN,雅克布
CN,帕爾曼
CN,戈德伯格
CN,希克
CN,希克
CN,海倫
CN,希克
CN,海倫
CN,希克
CN,海倫
CN,阿蒙謝
CN,阿蒙
CN,阿蒙
CN,斯特恩
CN,希克
CN,海倫
CN,海倫
CN,大衛
CN,米拉
CN,米拉
CN,阿蒙
CN,奧萊克
CN,奧萊克
CN,奧萊克
CN,奧萊克
CN,奧萊克
CN,奧萊克
CN,奧萊克
CN,奧萊克
CN,奧斯卡
CN,阿蒙
CN,奧斯卡
CN,奧斯卡
CN,瑪利亞
CN,希特勒
CN,阿蒙
CN,馬克奧斯卡
CN,歌德
CN,普拉紹夫
CN,奧斯卡
CN,歌德
CN,歌德
CN,摩西
CN,阿蒙
CN,坦克
CN,波德克·普費佛伯格米拉·普費佛伯格
CN,格斯戴格
CN,保羅保羅·斯戴格
CN,費舍爾費舍爾·伊斯梅爾
CN,費舍爾·伊斯梅爾
CN,約瑟夫·斯卡夫
CN,斯特恩斯
CN,斯卡夫
CN,赫伯特·斯蒂爾
CN,費根鮑姆雅克布沃爾夫·維恩
CN,費根鮑姆魯特克雅克布
CN,沃爾夫
CN,朱麗斯
CN,奧斯卡
CN,奧斯卡加
CN,斯特恩
CN,歌德
CN,奧斯卡
CN,布林裏茨
CN,馬克
CN,馬克
CN,海倫
CN,阿蒙
CN,馬克
CN,德萊斯勒
CN,娜塔
CN,羅斯勒
CN,亨利曼希
CN,里奧
CN,奧萊克
CN,瑪利亞·米歇爾
CN,夏因·諾阿克
CN,馬庫斯
CN,米克·
CN,伊扎克·斯特恩
CN,約瑟夫·鮑
CN,羅莎莉亞·努斯鮑姆威爾赫姆·努斯鮑姆
CN,雅克布·萊維託
CN,羅莎·法勃爾安德雷利·法勃爾
CN,莎拉
CN,弗萊克
CN,費希爾
CN,泰克·帕姆珀爾
CN,米拉·普費佛伯格
CN,霍洛維茨·多裏克
CN,亞當·萊維
CN,馬塞爾·戈德伯格
CN,克里普斯特恩·伊扎克·大衛
CN,艾爾特曼·埃德沃德
CN,格蘭伯格·米蘭姆
CN,魯夫
CN,埃利亞希
CN,希爾曼·埃德沃德
CN,艾拉·羅斯伯格
CN,蘇克曼·約提
CN,海倫·希什
CN,奧萊克
CN,奧萊克
CN,布林裏茨·茨維特
CN,奧斯卡·
CN,德茲恩
CN,普拉紹夫
CN,布林裏茨
CN,克萊拉
CN,奧斯卡·
CN,奧斯卡·
CN,艾爾斯提娜·
CN,希爾達·華德格倫
CN,列奧諾拉·華德格倫
CN,安娜·拉斯特
CN,米拉·普費佛伯格
CN,西多
CN,努斯鮑姆
CN,羅斯勒
CN,海倫·希什
CN,薩拉·格羅茲
CN,艾斯蒂拉·西倫弗裏德
CN,伊扎克
CN,伊扎克·斯特恩
CN,伊扎克
CN,艾米麗
CN,斯特恩
CN,奧斯卡
CN,坦克
CN,斯特恩
CN,阿門
CN,布林裏茨
CN,馬克
CN,約德爾
CN,艾森豪威爾
CN,斯特恩
CN,阿門
CN,阿門
CN,以色列阿門
CN,阿門
CN,勒斯
CN,勒斯
CN,勒斯
CN,勒斯
CN,奧斯卡
CN,歌德
CN,斯特恩
CN,希特勒
CN,阿蒙·歌德
CN,特爾茨
CN,奧斯卡·
TW,韋恩
TW,奧佩
TW,宙斯
TW,宙斯
TW,宙斯
TW,宙斯
TW,阿瑞斯
TW,阿瑞斯
TW,亞馬遜
TW,宙斯
TW,阿瑞斯
TW,宙斯
TW,宙斯
TW,阿瑞斯
TW,宙斯
TW,阿瑞斯
TW,宙斯
TW,宙斯
TW,阿瑞斯
TW,塔中
TW,阿瑞斯
TW,亞馬遜
TW,奧佩
TW,奧佩
TW,奧佩
TW,奧佩
TW,史提夫
TW,吐實
TW,魯登道夫
TW,魯登道夫
TW,伊莎貝馬洛
TW,阿瑞斯
TW,阿瑞斯
TW,宙斯
TW,阿瑞斯
TW,阿瑞斯
TW,亞馬遜
TW,亞馬遜
TW,亞馬遜
TW,亞馬遜
TW,阿瑞斯
TW,阿瑞斯
TW,奧佩
TW,阿瑞斯
TW,阿瑞斯
TW,亞馬遜
TW,倫敦
TW,阿瑞斯
TW,宙斯
TW,倫敦
TW,阿瑞斯
TW,史提夫
TW,史提夫
TW,坎蒂
TW,史提夫
TW,魯登道夫
TW,馬洛
TW,阿瑞斯
TW,馬洛
TW,摩根
TW,普林斯
TW,普林斯
TW,馬洛
TW,魯登道夫
TW,魯登道夫
TW,阿瑞斯
TW,沙米
TW,沙米
TW,沙米
TW,沙米
TW,蘇格拉底
TW,查理
TW,查理
TW,查理
TW,史提夫
TW,查理
TW,普林斯
TW,魯登道夫
TW,馬洛
TW,魯登道夫
TW,布洛斯
TW,查理
TW,維爾德
TW,史提夫
TW,史提夫
TW,史提夫
TW,史提夫
TW,查理
TW,查理
TW,維爾德
TW,魯登道夫
TW,魯登道夫
TW,馬洛
TW,史提夫
TW,魯登道夫
TW,阿瑞斯
TW,阿瑞斯
TW,阿瑞斯
TW,魯登道夫
TW,阿瑞斯
TW,魯登道夫
TW,阿瑞斯
TW,魯登道夫
TW,沙米
TW,沙米
TW,史提夫
TW,沙米
TW,查理
TW,魯登道夫
TW,阿瑞斯
TW,史提夫
TW,雪鐵龍
TW,史提夫
TW,伊莎貝馬洛
TW,魯登道夫
TW,魯登道夫
TW,魯登道夫
TW,阿瑞斯
TW,阿瑞斯
TW,魯登道夫
TW,阿瑞斯
TW,阿瑞斯
TW,阿瑞斯
TW,魯登道夫
TW,亞馬遜
TW,亞馬遜
TW,阿瑞斯
TW,阿瑞斯
TW,查理
TW,宙斯
TW,亞馬遜
TW,倫敦
TW,史提夫
TW,沙米
TW,史提夫
TW,史提夫
TW,史提夫
TW,史提夫
TW,史提夫
TW,史提夫
TW,史提夫
TW,史提夫
TW,史提夫
TW,布魯斯韋恩
CN,韋恩
CN,宙斯
CN,宙斯
CN,宙斯
CN,宙斯
CN,阿瑞斯
CN,阿瑞斯
CN,亞馬遜
CN,亞馬遜
CN,宙斯
CN,阿瑞斯
CN,宙斯
CN,宙斯
CN,阿瑞斯
CN,阿瑞斯
CN,宙斯
CN,阿瑞斯
CN,宙斯
CN,宙斯
CN,阿瑞斯
CN,阿瑞斯
CN,阿瑞斯
CN,史蒂夫·特雷弗
CN,魯登道夫
CN,魯登道夫
CN,伊莎貝爾·
CN,阿瑞斯
CN,阿瑞斯
CN,宙斯
CN,阿瑞斯
CN,阿瑞斯
CN,亞馬遜
CN,亞馬遜
CN,亞馬遜
CN,亞馬遜
CN,阿瑞斯
CN,阿瑞斯
CN,阿瑞斯
CN,阿瑞斯
CN,阿瑞斯
CN,亞馬遜
CN,倫敦
CN,阿瑞斯
CN,宙斯
CN,克利
CN,倫敦
CN,阿瑞斯
CN,史蒂夫·特雷弗
CN,艾特
CN,坎迪
CN,史蒂夫·特雷弗
CN,坎迪
CN,史蒂夫
CN,特雷弗
CN,魯登道夫
CN,阿瑞斯
CN,特雷弗
CN,特雷弗
CN,帕特里克·摩根
CN,普林斯
CN,普林斯
CN,魯登道夫
CN,魯登道夫
CN,阿瑞斯
CN,蘇丹
CN,薩米爾
CN,薩米爾
CN,薩米
CN,薩米
CN,薩米爾
CN,薩米爾
CN,蘇格拉底
CN,查理
CN,查理
CN,查理
CN,查理
CN,史蒂夫
CN,查理
CN,帕特里克
CN,帕特里克
CN,普林斯
CN,魯登道夫
CN,魯登道夫
CN,埃德加·賴斯·巴勒斯
CN,查理
CN,費爾德
CN,史蒂夫
CN,查理
CN,查理
CN,費爾德費爾德
CN,魯登道夫
CN,魯登道夫
CN,特雷弗
CN,魯登道夫
CN,史蒂夫
CN,阿瑞斯
CN,阿瑞斯
CN,阿瑞斯
CN,魯登道夫
CN,阿瑞斯
CN,魯登道夫
CN,阿瑞斯
CN,魯登道夫
CN,薩米
CN,薩米
CN,史蒂夫
CN,薩米
CN,魯登道夫
CN,阿瑞斯
CN,史蒂夫
CN,雪鐵龍
CN,史蒂夫
CN,伊莎貝爾·
CN,魯登道夫
CN,魯登道夫
CN,魯登道夫
CN,阿瑞斯
CN,阿瑞斯
CN,魯登道夫
CN,阿瑞斯
CN,阿瑞斯
CN,阿瑞斯
CN,魯登道夫
CN,亞馬遜
CN,阿瑞斯
CN,阿瑞斯
CN,阿瑞斯
CN,阿瑞斯
CN,史蒂夫
CN,查理
CN,帕特里克
CN,阿瑞斯
CN,阿瑞斯
CN,宙斯
CN,亞馬遜
CN,倫敦
CN,史蒂夫
CN,薩米爾
CN,阿瑞斯
CN,史蒂夫
CN,史蒂夫
CN,史蒂夫
CN,史蒂夫
CN,史蒂夫
CN,史蒂夫
CN,史蒂夫
CN,特雷弗
CN,史蒂夫
CN,布魯斯·韋恩
TW,希利
TW,加斯頓
TW,卡拉湯瑪斯
TW,艾迪
TW,邁爾斯
TW,邁爾斯
TW,麥克邁爾斯
TW,傑森
TW,貝克
TW,珍妮
TW,珍妮
TW,珍妮
TW,瑪麗
TW,瑪麗
TW,瑪麗
TW,瑪麗
TW,瑪麗
TW,克斯
TW,雷克斯
TW,馬拉
TW,貝克
TW,馬裏凱利
TW,披薩
TW,披薩
TW,披薩
TW,披薩
TW,披薩
TW,披薩來
TW,披薩
TW,傑克
TW,山姆
TW,山姆
TW,山姆
TW,巴頓
TW,芭芭拉史
TW,芭芭拉史
TW,布萊頓
TW,布萊頓
TW,羅馬培根
TW,塞拉諾
TW,斯塔克斯
TW,奧斯卡
TW,泰德
TW,傑森
TW,雪佛蘭
TW,喬瑟夫
TW,凱斯特羅
TW,山姆
TW,布萊頓
TW,羅密歐
TW,羅密歐
TW,傑森範霍恩
TW,邁爾斯
TW,邁爾斯
CN,洛塔
CN,歐克
CN,格利夫
CN,加斯頓
CN,莫扎特
CN,喬納森
CN,喬納森
CN,喬納森
CN,凱拉托馬斯
CN,艾迪
CN,艾迪
CN,鄧伍迪
CN,邁克邁爾斯
CN,奧斯汀鮑爾斯
CN,邁克邁爾斯
CN,邁克邁爾斯
CN,傑森
CN,奧拉
CN,貝克
CN,傑西潘尼
CN,珍妮
CN,珍妮
CN,珍妮
CN,布拉
CN,瑪麗
CN,瑪麗
CN,瑪麗
CN,瑪麗
CN,特雷克斯
CN,布拉
CN,貝克
CN,凱利
CN,披薩
CN,披薩
CN,披薩
CN,披薩
CN,披薩
CN,買馬薩拉蒂
CN,傑克
CN,山姆
CN,山姆
CN,山姆
CN,多莉
CN,多莉派頓
CN,芭芭拉史
CN,芭芭拉史
CN,布萊頓洛克
CN,布萊頓洛克
CN,維加斯
CN,波斯頓
CN,塞拉諾
CN,路易威登
CN,莫妮卡
CN,奧斯卡
CN,泰特特納
CN,傑森
CN,雪佛蘭
CN,約瑟
CN,莫妮卡卡斯特羅
CN,傑斐遜
CN,莫妮卡
CN,邦妮
CN,克萊
CN,邦妮
CN,邦妮
CN,山姆
CN,布萊頓洛克
CN,羅密歐
CN,羅密歐
CN,傑森範霍恩
CN,門羅
CN,邁爾斯
CN,邁爾斯
TW,亞瑟
TW,亞瑟
TW,詹姆斯
TW,詹姆斯
TW,詹姆斯
TW,亞瑟
TW,伊姆斯
TW,伊姆斯
TW,亞瑟
TW,亞瑟
TW,尤瑟夫
TW,萊迪
TW,萊迪辛門
TW,費雪
TW,費雪
TW,費雪
TW,費雪
TW,布朗寧
TW,費雪
TW,彼得
TW,費雪
TW,彼得布朗寧
TW,費雪
TW,布朗寧
TW,伊姆斯
TW,亞瑟
TW,亞瑟
TW,費雪
TW,亞瑟
TW,悉尼
TW,艾娜
TW,詹姆斯
TW,詹姆斯
TW,費雪
TW,悉尼
TW,麥爾斯
TW,亞瑟
TW,費雪
TW,費雪
TW,費雪
TW,費雪
TW,費雪
TW,彼得
TW,布朗寧
TW,費雪
TW,詹姆斯
TW,詹姆斯
TW,費雪
TW,查爾斯
TW,查爾斯
TW,查爾斯
TW,查爾斯
TW,費雪
TW,洛德
TW,查爾斯
TW,費雪
TW,尤瑟夫
TW,洛德
TW,查爾斯
TW,費雪
TW,費雪
TW,費雪
TW,彼得
TW,布朗寧
TW,尤瑟夫
TW,查爾斯
TW,費雪
TW,費雪
TW,布朗寧
TW,費雪
TW,彼得
TW,費雪
TW,布朗寧
TW,伊姆斯
TW,費雪
TW,伊姆斯
TW,費雪
TW,費雪
TW,布朗寧
TW,費雪
TW,尤瑟夫
TW,亞瑟
TW,伊姆斯
TW,亞瑟
TW,費雪
TW,費雪
TW,伊姆斯
TW,費雪
TW,費雪
TW,亞瑟
TW,費雪
TW,費雪
TW,詹姆斯
TW,費雪
TW,費雪
TW,費雪
TW,彼得
TW,詹姆斯
CN,亞瑟
CN,道姆
CN,亞瑟
CN,詹姆斯
CN,菲麗帕
CN,詹姆斯
CN,詹姆斯
CN,亞瑟
CN,納什
CN,道姆
CN,道姆
CN,伊姆斯
CN,伊姆斯
CN,亞瑟
CN,亞瑟
CN,尤瑟夫·皮耶羅
CN,弗雷迪
CN,弗雷迪·賽文斯
CN,彭羅斯
CN,羅伯特·
CN,羅伯特·
CN,羅伯特·
CN,布朗寧
CN,布朗寧
CN,莫里斯·
CN,莫里斯
CN,羅伯特
CN,羅伯特
CN,彼得
CN,莫里斯·
CN,彼得·布朗寧
CN,布朗寧
CN,布朗寧
CN,布朗寧
CN,伊姆斯
CN,亞瑟
CN,亞瑟
CN,羅伯特
CN,羅伯特
CN,羅伯特·
CN,亞瑟
CN,悉尼
CN,詹姆斯
CN,菲麗帕
CN,詹姆斯
CN,菲麗帕
CN,道姆
CN,莫里斯·
CN,悉尼
CN,羅伯特
CN,邁爾斯
CN,亞瑟
CN,莫里斯·
CN,尤瑟夫
CN,彼得
CN,布朗寧
CN,莫里斯
CN,莫里斯
CN,羅伯特
CN,彼得
CN,莫里斯
CN,莫里斯
CN,羅伯特
CN,詹姆斯
CN,菲麗帕
CN,道姆
CN,詹姆斯
CN,菲麗帕
CN,查爾斯
CN,查爾斯
CN,查爾斯
CN,斯坦
CN,查爾斯
CN,羅德·格林
CN,查爾斯
CN,伊姆斯
CN,尤瑟夫
CN,羅德·格林
CN,查爾斯
CN,彼得
CN,布朗寧
CN,尤瑟夫
CN,查爾斯
CN,布朗寧
CN,布朗寧
CN,彼得
CN,羅伯特
CN,羅伯特
CN,布朗寧
CN,伊姆斯
CN,伊姆斯
CN,布朗寧
CN,尤瑟夫
CN,亞瑟
CN,伊姆斯
CN,伊姆斯
CN,亞瑟
CN,伊姆斯
CN,亞瑟
CN,道姆
CN,詹姆斯
CN,菲麗帕
CN,羅伯特
CN,羅伯特
CN,彼得
CN,詹姆斯
CN,菲麗帕
TW,布魯克
TW,蘭登
TW,布魯克
TW,蘭登
TW,佛羅倫斯
TW,蘭登
TW,佛羅倫斯
TW,佛羅倫斯
TW,伊格納奇
TW,索尼
TW,伊格納奇奧
TW,伊格納奇奧
TW,但丁
TW,但丁
TW,但丁
TW,但丁
TW,蘭登
TW,蘭登
TW,費倫提那
TW,蘭登
TW,佛羅倫斯
TW,羅沙
TW,羅沙
TW,蘭登
TW,但丁
TW,馬勒勃爾
TW,布里斯特
TW,貝特朗佐布里斯特
TW,貝特朗佐布里斯特
TW,巴勒特
TW,布里斯特
TW,但丁
TW,蘭登
TW,佛羅倫斯
TW,蘭登
TW,蘭登
TW,西姆斯
TW,佛羅倫斯
TW,蘭登
TW,蘭登
TW,布里斯特
TW,亞伯加斯特
TW,布里斯特
TW,佛羅倫
TW,奇亞維利
TW,瓦薩里
TW,馬爾
TW,瓦薩里
TW,瓦薩里
TW,布里斯特
TW,布里斯特
TW,但丁
TW,布里斯特
TW,菲茲
TW,加派
TW,瓦薩里
TW,瓦薩里門
TW,蘭登
TW,瓦薩里
TW,瓦薩里
TW,蘭登
TW,瓦薩里
TW,馬爾
TW,布里斯特
TW,瑪塔阿瓦雷茲
TW,伊格納奇奧
TW,伊格納奇奧
TW,伊格納奇
TW,索尼
TW,伊格納奇奧
TW,瑪塔
TW,但丁
TW,但丁
TW,佛羅倫斯
TW,但丁
TW,碧翠絲
TW,但丁
TW,但丁
TW,瑪塔
TW,伊格納奇
TW,索尼
TW,但丁
TW,貝特朗佐布里斯特
TW,蘭登
TW,瑪塔
TW,派克
TW,伊格納奇奧
TW,伊格納奇奧
TW,伊格納奇奧
TW,但丁
TW,但丁
TW,但丁
TW,伊格納奇奧
TW,蘭登
TW,但丁
TW,蘭登
TW,布魯克
TW,佛羅倫斯
TW,蘭登
TW,布里斯特
TW,凡尼
TW,但丁
TW,但丁
TW,但丁
TW,克里斯布夏
TW,蘭登
TW,伊莉莎白辛斯基
TW,伊莉莎白
TW,辛斯基
TW,貝特朗佐布里斯特
TW,布里斯特
TW,蘭登
TW,辛斯基
TW,伊莉莎白
TW,蘭登
TW,蘭登
TW,蘭登
TW,伊莉莎白
TW,但丁
TW,蘭登
TW,蘭登
TW,布里斯特
TW,蘭登
TW,西姆斯
TW,恩里科丹多洛
TW,恩里科丹多洛
TW,索菲亞
TW,布里斯特
TW,馬克吐溫
TW,但丁
TW,伊莉莎白
TW,蘭登
TW,布里斯特
TW,布魯克
TW,布里斯特
TW,布里斯特
TW,布里斯特
TW,辛斯基
TW,伊莉莎白
TW,辛斯基
TW,布魯克
TW,蘭登
TW,布魯克
TW,辛斯基
TW,布里斯特
TW,布里斯特
TW,西姆斯
TW,伊莉莎白
TW,布里斯特
TW,查士丁尼
TW,索菲亞
TW,米爾沙特
TW,恩里科丹多洛
TW,恩里科丹多洛
TW,美杜莎
TW,辛斯基
TW,辛斯基
TW,但丁
TW,碧翠絲
TW,佛羅倫斯
TW,瑪塔阿瓦雷茲
TW,瑪塔
TW,但丁
TW,但丁
CN,但丁
CN,夏爾
CN,布魯克斯
CN,蘭登
CN,布魯克斯
CN,蘭登
CN,維奇奧
CN,倫敦
CN,蘭登
CN,馬可尼
CN,蘭登
CN,羅伯特
CN,西恩娜
CN,本尼迪克特·戴拉德
CN,卡里爾
CN,伊格納奇奧·布索尼
CN,伊格納奇奧
CN,羅伯特
CN,伊格納奇奧
CN,法拉第
CN,但丁
CN,但丁
CN,但丁
CN,但丁
CN,蘭登
CN,蘭登
CN,奧利倫蒂娜
CN,蘭登
CN,蘭登
CN,但丁
CN,布里斯特
CN,伯特朗·佐布里斯特
CN,巴特利特
CN,布里斯特
CN,但丁
CN,羅伯特·蘭登
CN,夏爾特
CN,夏爾
CN,維奇奧
CN,波利
CN,夏爾
CN,蘭登
CN,蘭登
CN,蘭登
CN,蘭登
CN,法拉第
CN,布里斯特
CN,阿伯加斯特
CN,布里斯特
CN,馬基雅維利
CN,維奇奧
CN,喬爾喬·瓦薩里
CN,馬西亞
CN,瓦薩里
CN,瓦薩里
CN,布里斯特
CN,布里斯特
CN,但丁
CN,法拉第
CN,布里斯特
CN,維奇奧
CN,安東尼
CN,波利
CN,波利
CN,菲奇
CN,波利
CN,德爾塔
CN,瓦薩里
CN,維奇奧
CN,瓦薩里門
CN,蘭登
CN,瓦薩里
CN,瓦薩里
CN,蘭登
CN,維奇奧
CN,瓦薩里
CN,馬西亞
CN,布里斯特
CN,布里斯特
CN,西恩娜
CN,瑪塔·阿瓦雷茲
CN,伊格納奇奧
CN,伊格納奇奧
CN,伊格納奇奧·布索尼
CN,伊格納奇奧
CN,瑪塔
CN,維奇奧
CN,伊格納奇奧
CN,夏爾
CN,安東尼
CN,但丁
CN,但丁
CN,但丁
CN,貝雅特麗絲
CN,但丁
CN,但丁
CN,瑪塔
CN,伊格納奇奧·布索尼
CN,但丁
CN,伯特朗·佐布里斯特
CN,蘭登
CN,瑪塔
CN,瑪塔
CN,瑪塔
CN,帕克
CN,伊格納奇奧
CN,伊格納奇奧
CN,伊格納奇奧
CN,但丁
CN,羅伯特·蘭登
CN,維奇奧
CN,但丁
CN,但丁
CN,伊格納奇奧
CN,西恩娜
CN,安東尼
CN,帕克
CN,蘭登
CN,夏爾
CN,夏爾
CN,夏爾
CN,但丁
CN,法拉第
CN,蘭登
CN,布魯克斯
CN,波利
CN,蘭登
CN,布里斯特
CN,喬萬尼
CN,但丁
CN,但丁
CN,但丁
CN,克里斯多夫·布夏爾
CN,蘭登
CN,蘭登
CN,伊麗莎白·辛斯基
CN,伊麗莎白
CN,辛斯基
CN,伯特朗·佐布里斯特
CN,布里斯特
CN,法拉第
CN,布里斯
CN,蘭登
CN,辛斯基
CN,伊麗莎白
CN,蘭登
CN,蘭登
CN,蘭登
CN,羅伯特
CN,伊麗莎白
CN,但丁
CN,夏爾
CN,蘭登
CN,蘭登
CN,西恩娜
CN,伯特朗·佐布里斯特
CN,夏爾
CN,蘭登
CN,夏爾
CN,恩里科·丹多洛
CN,恩里科·丹多洛
CN,索菲亞
CN,羅伯特
CN,布里斯特
CN,西恩娜
CN,羅伯特
CN,西恩娜
CN,西恩娜
CN,西恩娜
CN,西恩娜
CN,馬克·吐溫
CN,但丁
CN,伊麗莎白
CN,維奇奧
CN,蘭登
CN,布里斯特
CN,西恩娜來
CN,布里斯特
CN,布里斯特
CN,辛斯基
CN,伊麗莎白
CN,辛斯基
CN,夏爾
CN,布魯克斯
CN,蘭登
CN,布魯克斯
CN,辛斯基
CN,布里斯特
CN,布里斯特
CN,羅伯特
CN,伊麗莎白
CN,羅伯特
CN,布里斯
CN,查士丁尼
CN,索菲亞大
CN,米爾沙特
CN,恩里科·丹多洛
CN,恩里科·丹多洛
CN,羅伯特
CN,美杜莎
CN,西恩娜
CN,西恩娜
CN,西恩娜
CN,西恩娜
CN,西恩娜
CN,西恩娜
CN,羅伯特
CN,辛斯基
CN,但丁
CN,貝雅特麗絲
CN,瑪塔·阿爾瓦雷茨
CN,瑪塔
CN,但丁
CN,但丁
CN,埃米利奧
CN,圖姆斯
CN,斯塔克
CN,梅森
CN,彼得·帕克
CN,彼得
CN,託尼·斯塔克
CN,斯塔克
CN,彼得
CN,斯塔克
CN,彼得
CN,彼得
CN,帕克
CN,帕克
CN,詹森
CN,斯塔克
CN,斯塔克
CN,彼得
CN,弗拉什
CN,彼得
CN,弗拉什
CN,尼爾斯·玻爾
CN,玻爾
CN,華盛頓
CN,亞伯拉罕
CN,彼得
CN,華盛頓
CN,斯塔克
CN,託尼·斯塔克
CN,彼得
CN,華盛頓
CN,弗拉什
CN,彼得
CN,德爾馬
CN,帕克
CN,德爾馬
CN,蓋瑞
CN,馬喬裏
CN,霍根
CN,彼得
CN,彼得·帕克
CN,德爾馬
CN,德爾馬
CN,託尼
CN,斯塔克
CN,斯塔克
CN,奈德
CN,斯特克
CN,託尼·斯塔克
CN,奈德
CN,奈德
CN,斯特克
CN,斯塔克
CN,斯塔克
CN,託尼·斯塔克
CN,德爾馬
CN,奈德
CN,奈德
CN,索科維亞
CN,奈德
CN,奈德
CN,帕克
CN,彼得
CN,威爾遜
CN,斯塔克
CN,彼得
CN,帕克
CN,奈德
CN,彼得
CN,彼得
CN,安妮
CN,弗拉什
CN,奈德
CN,披薩
CN,彼得
CN,帕克
CN,奈德
CN,彼得
CN,奈德
CN,彼得
CN,索科維亞
CN,奈德
CN,圖姆斯
CN,彼得
CN,彼得
CN,克羅克特
CN,斯塔克
CN,斯塔克
CN,帕克
CN,帕克
CN,帕克
CN,彼得
CN,彼得
CN,奈德
CN,彼得
CN,布魯克林
CN,華盛頓
CN,彼得來
CN,彼得
CN,弗拉什
CN,華盛頓
CN,法蘭克·辛納屈
CN,薩姆特
CN,弗拉什
CN,彼得
CN,彼得
CN,斯塔克
CN,斯塔克
CN,彼得
CN,奈德
CN,彼得
CN,彼得
CN,斯塔克
CN,凱倫
CN,凱倫
CN,凱倫
CN,託尼·斯塔克
CN,凱倫
CN,凱倫
CN,凱倫
CN,奈德
CN,彼得
CN,凱倫
CN,奈德
CN,彼得
CN,弗拉什
CN,米歇爾
CN,奈德
CN,彼得
CN,奈德
CN,彼得
CN,奈德
CN,奈德
CN,奈德
CN,彼得
CN,凱倫
CN,凱倫
CN,華盛頓
CN,弗拉什
CN,奈德
CN,彼得
CN,彼得·帕克
CN,加爾岡
CN,斯塔克
CN,彼得
CN,薩利
CN,弗拉什
CN,傑森·埃奧尼羅
CN,貝蒂·布蘭特
CN,奈德
CN,斯塔克
CN,帕克
CN,凱倫
CN,彼得
CN,彼得
CN,彼得
CN,索爾
CN,奧丁
CN,亞倫·戴維斯
CN,德爾馬
CN,德爾馬
CN,凱倫
CN,凱倫
CN,帕克
CN,麥克·加根蓋爾
CN,凱倫
CN,託尼·斯塔克
CN,帕克
CN,華盛頓
CN,凱倫
CN,彼得
CN,斯塔克
CN,斯塔克
CN,梅森
CN,奈德
CN,華盛頓
CN,彼得
CN,斯塔克
CN,彼得
CN,彼得
CN,彼得
CN,弗雷迪
CN,彼得
CN,彼得
CN,彼得
CN,彼得
CN,彼得
CN,彼得
CN,佩德羅
CN,彼得
CN,彼得
CN,彼得
CN,託尼·斯塔克
CN,斯塔克
CN,華盛頓那
CN,華盛頓
CN,雪鐵龍
CN,彼得
CN,彼得
CN,奈德
CN,斯塔克
CN,霍根
CN,斯塔克
CN,弗拉什
CN,奈德
CN,奈德
CN,傑克遜
CN,弗拉什
CN,弗拉什
CN,奈德
CN,彼得·帕克
CN,奈德
CN,布魯克林
CN,託尼
CN,梅金
CN,彼得
CN,彼得
CN,彼得
CN,彼得
CN,彼得
CN,斯塔克
CN,彼得
CN,彼得
CN,彼得
CN,彼得
CN,梅森
CN,佩德羅
CN,彼得
CN,彼得
CN,米歇爾
CN,彼得
CN,託尼
CN,斯塔克
CN,斯塔克
CN,斯普林斯汀
CN,斯塔克
CN,帕克
CN,斯塔克
CN,託尼·斯塔克
CN,圖姆斯
TW,圖姆斯
TW,塔克
TW,梅森
TW,彼得帕克
TW,彼得
TW,塔克
TW,塔克
TW,彼得
TW,彼得
TW,帕克
TW,帕克
TW,傑森
TW,塔克
TW,塔克
TW,彼得
TW,彼得
TW,華盛頓
TW,塔克
TW,東尼史塔克
TW,彼得
TW,華盛頓
TW,彼得
TW,帕克
TW,墨菲
TW,蓋瑞
TW,霍根
TW,彼得
TW,帕克
TW,索爾
TW,東尼
TW,塔克
TW,塔克
TW,阿尼
TW,塔克
TW,東尼史塔克
TW,阿尼
TW,塔克
TW,塔克
TW,塔克
TW,東尼史塔克
TW,阿尼
TW,阿尼
TW,維亞
TW,阿尼
TW,阿尼
TW,帕克
TW,索爾
TW,彼得
TW,塔克
TW,彼得
TW,帕克
TW,阿尼
TW,彼得
TW,彼得
TW,阿尼
TW,披薩
TW,彼得
TW,帕克
TW,阿尼
TW,彼得
TW,阿尼
TW,彼得
TW,維亞
TW,奇塔瑞
TW,阿尼
TW,圖姆斯
TW,彼得
TW,彼得
TW,塔克
TW,塔克
TW,塔克
TW,帕克
TW,帕克
TW,帕克
TW,彼得
TW,彼得
TW,阿尼
TW,彼得
TW,布魯克林
TW,紐澤西
TW,彼得
TW,彼得
TW,法蘭克辛納屈
TW,薩姆特
TW,彼得
TW,彼得
TW,塔克
TW,彼得
TW,彼得
TW,彼得
TW,塔克
TW,凱倫
TW,凱倫
TW,凱倫
TW,塔克
TW,凱倫
TW,奇塔瑞
TW,凱倫
TW,阿尼
TW,彼得
TW,阿尼
TW,彼得
TW,蜜雪兒
TW,阿尼
TW,彼得
TW,阿尼
TW,彼得
TW,阿尼
TW,阿尼
TW,阿尼
TW,彼得
TW,凱倫
TW,奇塔瑞
TW,凱倫
TW,彼得
TW,彼得帕克
TW,加根
TW,塔克
TW,彼得
TW,莎莉
TW,阿尼
TW,塔克
TW,帕克
TW,凱倫
TW,彼得
TW,彼得
TW,索爾
TW,奧丁
TW,亞倫戴維斯
TW,凱倫
TW,凱倫
TW,麥克加根
TW,東尼史塔克
TW,帕克
TW,凱倫
TW,彼得
TW,塔克
TW,塔克
TW,梅森
TW,彼得
TW,阿尼
TW,彼得
TW,塔克
TW,彼得
TW,彼得
TW,彼得
TW,萊迪
TW,彼得
TW,彼得
TW,彼得
TW,彼得
TW,彼得
TW,彼得
TW,彼得
TW,彼得
TW,彼得
TW,東尼史塔克
TW,塔克
TW,彼得
TW,彼得
TW,彼得
TW,阿尼
TW,塔克
TW,霍根
TW,塔克
TW,阿尼
TW,阿尼
TW,傑克森
TW,彼得
TW,阿尼
TW,彼得帕克
TW,布魯克林
TW,梅金
TW,索爾
TW,彼得
TW,彼得
TW,彼得
TW,彼得
TW,彼得
TW,塔克
TW,彼得
TW,彼得
TW,彼得
TW,梅森
TW,彼得
TW,彼得
TW,奧勒岡
TW,彼得
TW,蜜雪兒
TW,彼得
TW,東尼
TW,塔克
TW,塔克
TW,塔克
TW,帕克
TW,塔克
TW,東尼史塔克
TW,圖姆斯
